{
  "project_info": {
    "project_number": "768754150260",
    "firebase_url": "https://bizeazy-29a95-default-rtdb.asia-southeast1.firebasedatabase.app",
    "project_id": "bizeazy-29a95",
    "storage_bucket": "bizeazy-29a95.appspot.com"
  },
  "client": [
    {
      "client_info": {
        "mobilesdk_app_id": "1:768754150260:android:43c86b2d0de60622025a21",
        "android_client_info": {
          "package_name": "com.maantheme.mobilepos.mobile_pos"
        }
      },
      "oauth_client": [
        {
          "client_id": "768754150260-7c71hllv7c768m1h3n87scae6lbn4j0o.apps.googleusercontent.com",
          "client_type": 3
        }
      ],
      "api_key": [
        {
          "current_key": "AIzaSyAZK9pGSivz5wb-nw0tdt9SP9iIsObl5Ao"
        }
      ],
      "services": {
        "appinvite_service": {
          "other_platform_oauth_client": [
            {
              "client_id": "768754150260-7c71hllv7c768m1h3n87scae6lbn4j0o.apps.googleusercontent.com",
              "client_type": 3
            }
          ]
        }
      }
    }
  ],
  "configuration_version": "1"
}